
{
	"display": {
		"icon": {
			"item": "minecraft:respawn_anchor"
		},
		"title": "Warping Mushroom Fields",
		"description": [{"text":"Kill a zoglin in a mushroom biome before it does too much damage.","color":"aqua"}],
		"show_toast": true,
		"announce_to_chat": true
	},
    "parent": "knize1007:zoglin_spread",
	"criteria": {
		"requirement": {
		  "trigger": "minecraft:player_killed_entity",
		  "conditions": {
			"entity": {
			  "type": "minecraft:zoglin",
			  "nbt": "{Tags:[\"ZOG1\"]}",
			  "location": {
				"biome": "minecraft:mushroom_fields"
			  }
			}
		  }
		}
	  }
	
}
