{"stats":{"minecraft:mined":{"croptopia:oat_crop":1,"minecraft:short_grass":20,"minecraft:oak_log":6,"croptopia:apple_crop":20,"croptopia:kale_crop":1,"minecraft:tall_grass":9,"minecraft:oak_leaves":6},"minecraft:picked_up":{"croptopia:oat_seed":2,"croptopia:kale":1,"minecraft:apple":18,"minecraft:wheat_seeds":2,"minecraft:oak_log":6},"minecraft:dropped":{"croptopia:oat_seed":2,"minecraft:wheat_seeds":2,"croptopia:kale":1},"minecraft:custom":{"minecraft:time_since_rest":39403,"minecraft:crouch_one_cm":1446,"minecraft:sprint_one_cm":11286,"minecraft:play_time":39403,"minecraft:walk_one_cm":21163,"minecraft:sneak_time":1015,"minecraft:drop":4,"minecraft:jump":148,"minecraft:leave_game":10,"minecraft:time_since_death":39403,"minecraft:total_world_time":39403,"minecraft:fall_one_cm":10322,"minecraft:fly_one_cm":18183}},"DataVersion":3953}