{"stats":{"minecraft:custom":{"minecraft:mob_kills":6,"minecraft:leave_game":5,"minecraft:time_since_death":126196,"minecraft:sprint_one_cm":30312,"minecraft:walk_one_cm":223115,"minecraft:drop":38,"minecraft:play_time":126196,"minecraft:sneak_time":442,"minecraft:jump":474,"minecraft:total_world_time":126196,"minecraft:time_since_rest":126196,"minecraft:fly_one_cm":200884,"minecraft:open_chest":173,"minecraft:crouch_one_cm":1775,"minecraft:fall_one_cm":1314},"minecraft:killed":{"soulslikeuniverse:solaire":5,"soulslikeuniverse:castleguard":1},"minecraft:dropped":{"iceandfire:lightning_dragon_blood":1,"born_in_chaos_v1:shattered_skull":1,"iceandfire:sea_serpent_scales_bronze":1,"iceandfire:dragonscales_copper":1,"iceandfire:sea_serpent_scales_green":2,"iceandfire:sea_serpent_scales_teal":1,"iceandfire:sea_serpent_scales_purple":2,"iceandfire:sea_serpent_scales_red":1,"iceandfire:dragonsteel_lightning_ingot":1,"born_in_chaos_v1:phantom_powder":1,"iceandfire:dragonscales_black":1,"blue_skies:pearl":1,"cataclysm:witherite_ingot":1,"iceandfire:ice_dragon_heart":1,"iceandfire:dragonsteel_fire_ingot":1,"born_in_chaos_v1:fire_dust":1,"iceandfire:ghost_ingot":1,"iceandfire:lightning_dragon_heart":1,"iceandfire:sea_serpent_scales_deepblue":2,"iceandfire:hydra_fang":1,"cataclysm:ignitium_upgrade_smithing_template":1,"born_in_chaos_v1:spiritual_dust":1,"iceandfire:shiny_scales":1,"born_in_chaos_v1:seedof_chaos":1,"cataclysm:abyssal_sacrifice":1,"iceandfire:dragonscales_amythest":1,"born_in_chaos_v1:fangofthe_hound_leader":1,"iceandfire:pixie_dust":1,"iceandfire:hydra_heart":1,"iceandfire:fire_dragon_heart":1,"iceandfire:sea_serpent_scales_blue":1,"iceandfire:ice_dragon_blood":1,"cataclysm:monstrous_horn":1,"born_in_chaos_v1:dark_rod":1,"iceandfire:dragonsteel_ice_ingot":1},"minecraft:used":{"minecraft:chest":30,"minecraft:stone":4,"iceandfire:dragonbone_bow":1},"minecraft:picked_up":{"rogcontinued:shacklesofthedandeliongladiator":64,"aether:aechor_petal":1,"cataclysm:ignitium_upgrade_smithing_template":2,"simplyswords:empowered_remnant":1,"blue_skies:star_flare":1,"cataclysm:monstrous_horn":2,"iceandfire:witherbone":64,"rpgsmw:miphrilignot":1,"born_in_chaos_v1:seedof_chaos":2,"rpgsmw:rangal_dust":64,"iceandfire:myrmex_jungle_chitin":1,"twilightforest:fiery_ingot":1,"soulslikeuniverse:charredpiece":64,"alexscaves:thornwood_branch":2,"rogcontinued:mistveiledleadelixir":65,"alexscaves:tectonic_shard":1,"blue_skies:horizonite_ingot":64,"iceandfire:sea_serpent_scales_blue":65,"rpgsmw:gildedmiphril":1,"aquamirae:sharp_bones":1,"iceandfire:manuscript":1,"rogcontinued:borealwolfscrackedtooth":64,"bosses_of_mass_destruction:brimstone_nectar":1,"blue_skies:thwarted_armor_trim_smithing_template":1,"iceandfire:sea_serpent_scales_teal":65,"alexscaves:pure_darkness":2,"born_in_chaos_v1:dark_upgrade":1,"twilightforest:steeleaf_ingot":1,"rogcontinued:tileofdecarabianstower":64,"epicsamurai:jade":64,"epicpaladins:bloodstone_gem":64,"rogcontinued:debrisofdecarabianscity":64,"iceandfire:ghost_ingot":2,"iceandfire:sea_serpent_scales_bronze":65,"deeperdarker:warden_carapace":1,"rogcontinued:chunkofaerosiderite":64,"simplyswords:runic_tablet":1,"rogcontinued:coralbranchofadistantsea":64,"born_in_chaos_v1:dark_metal_ingot":1,"bosses_of_mass_destruction:soul_star":1,"iceandfire:hydra_fang":2,"rogcontinued:crystalchunk":1,"rpgsmw:redarium":1,"epicsamurai:akaname_tongue":1,"twilightforest:naga_scale":1,"iceandfire:dread_shard":1,"alexscaves:marine_snow":1,"wom:demon_seal":1,"cataclysm:witherite_ingot":1,"rogcontinued:borealwolfsmilktooth":64,"cataclysm:abyssal_sacrifice":2,"iceandfire:dragonscales_electric":64,"rpgsmw:miphril_dust":64,"rogcontinued:maskoftheonehorned":1,"rpgsmw:biril":1,"iceandfire:dragonscales_red":64,"iceandfire:ice_dragon_heart":2,"rpgsmw:amethyst_dust":64,"rogcontinued:narukamiswisdom":64,"iceandfire:pixie_dust":1,"rogcontinued:jadebranchofadistantsea":64,"deeperdarker:sculk_transmitter":1,"iceandfire:dragonbone":64,"iceandfire:dragonscales_gray":64,"iceandfire:dragonscales_green":64,"rogcontinued:scatteredpieceofdecarabiansdream":64,"blue_skies:aquite":1,"rogcontinued:narukamisvalor":64,"rogcontinued:amethystlumpore":1,"rogcontinued:divinebodyfromguyun":64,"epicpaladins:arclight_gem":64,"born_in_chaos_v1:phantom_powder":2,"iceandfire:deathworm_chitin_red":1,"epicpaladins:arclight_template":1,"iceandfire:dragonscales_white":64,"cataclysm:kobolediator_skull":1,"deeperdarker:heart_of_the_deep":1,"born_in_chaos_v1:pileof_dark_metal":1,"bosses_of_mass_destruction:void_thorn":1,"rogcontinued:goldenbranchofadistantsea":1,"iceandfire:lightning_dragon_blood":1,"born_in_chaos_v1:nightmare_claw":1,"born_in_chaos_v1:pieceofdarkmetal":1,"iceandfire:deathworm_chitin_white":1,"epicpaladins:moonlight_gem":64,"rogcontinued:fettersofthedandeliongladiator":64,"rogcontinued:maskofthekijin":1,"cataclysm:coral_chunk":1,"alexscaves:gazing_pearl":1,"rpgsmw:redarium_dust":64,"twilightforest:magic_beans":1,"alexscaves:corrodent_teeth":2,"twilightforest:knightmetal_ingot":1,"iceandfire:sea_serpent_scales_purple":66,"deeperdarker:soul_dust":1,"epicpaladins:cryorium_gem":64,"alexscaves:dark_tatters":2,"epicpaladins:sculk_template":1,"bosses_of_mass_destruction:obsidian_heart":64,"rpgsmw:pinarium":1,"iceandfire:dragonscales_silver":64,"iceandfire:deathworm_chitin_yellow":1,"iceandfire:fire_dragon_heart":2,"iceandfire:dragonsteel_fire_ingot":2,"bosses_of_mass_destruction:blazing_eye":64,"dreadsteel:dreadsteel_ingot":1,"iceandfire:myrmex_desert_chitin":1,"born_in_chaos_v1:spiny_shell":1,"alexscaves:notor_gizmo":1,"ae2:matter_ball":64,"rpgsmw:edmantium":1,"alexscaves:vesper_wing":128,"rpgsmw:pinarium_dust":64,"bosses_of_mass_destruction:ancient_anima":64,"epicsamurai:kitsune_tail":1,"epicsamurai:kitsune_hide":64,"rogcontinued:ironchunk":1,"ae2:fluix_dust":64,"iceandfire:dragonscales_black":2,"blue_skies:pearl":1,"lost_aether_content:noble_armor_trim_smithing_template":1,"rogcontinued:mistveiledmercuryelixir":64,"bosses_of_mass_destruction:charged_ender_pearl":1,"rogcontinued:borealwolfsnostalgia":64,"epicsamurai:spirit_upgrade_smithing_template":1,"alexscaves:sulfur_dust":64,"born_in_chaos_v1:spiritual_dust":2,"iceandfire:dragonsteel_lightning_ingot":2,"cataclysm:ignitium_ingot":1,"blue_skies:toxic_armor_trim_smithing_template":1,"epicpaladins:jade_gem":64,"rogcontinued:lustrousstonefromguyun":64,"rpgsmw:emerald_dust":64,"aquaculture:neptunium_ingot":1,"cataclysm:void_jaw":1,"epicpaladins:cryorium_template":1,"ae2:fluix_crystal":64,"aquamirae:abyssal_amethyst":1,"iceandfire:hydra_heart":1,"minecraft:wither_skeleton_skull":1,"alexscaves:ferrouslime_ball":1,"iceandfire:dragonscales_blue":64,"blue_skies:banished_armor_trim_smithing_template":1,"iceandfire:dragonscales_bronze":64,"rpgsmw:nephriscrystal":1,"born_in_chaos_v1:monster_skin":1,"rogcontinued:starsilverchunkore":1,"cataclysm:koboleton_bone":1,"iceandfire:ice_dragon_blood":1,"alexscaves:fertilizer":2,"rogcontinued:relicfromguyun":64,"rogcontinued:jeweledbranchofadistantsea":64,"rogcontinued:dreamofthedandeliongladiator":64,"born_in_chaos_v1:transmuting_elixir":1,"deeperdarker:reinforced_echo_shard":1,"twilightforest:ironwood_ingot":1,"blue_skies:pyrope_gem":1,"alexscaves:immortal_embryo":1,"alexscaves:toxic_paste":1,"alexscaves:guano":2,"rogcontinued:narukamisjoy":64,"blue_skies:charoite":1,"alexscaves:depth_charge":1,"bosses_of_mass_destruction:void_lily":1,"rpgsmw:nephrisshard":1,"blue_skies:falsite_ingot":64,"rogcontinued:amethystlump":1,"rogcontinued:mistveiledgoldelixir":64,"rogcontinued:maskofthewickedlieutenant":1,"epicsamurai:aquamarine":64,"alexscaves:polymer_plate":1,"iceandfire:sea_serpent_scales_deepblue":66,"alexsmobs:void_worm_mandible":64,"iceandfire:dragonscales_amythest":2,"blue_skies:diopside_gem":1,"epicsamurai:onyx":64,"rogcontinued:fragmentofdecarabiansepic":64,"aquamirae:ship_graveyard_echo":1,"rpgsmw:edmantium_dust":64,"rogcontinued:mistveiledprimoelixir":64,"alexscaves:moth_dust":2,"alexscaves:shadow_silk":2,"cataclysm:crystallized_coral":1,"rogcontinued:chainsofthedandeliongladiator":64,"rogcontinued:pieceofaerosiderite":64,"iceandfire:sea_serpent_scales_green":66,"bosses_of_mass_destruction:crystal_fruit":1,"born_in_chaos_v1:orbofthe_summoner":1,"iceandfire:dragonscales_sapphire":64,"ae2:certus_quartz_crystal":64,"rogcontinued:bitofaerosiderite":64,"epicpaladins:bloodstone_template":1,"aquamirae:anglers_fang":1,"alexscaves:uranium":64,"iceandfire:shiny_scales":2,"aether:zanite_gemstone":1,"deeperdarker:soul_crystal":1,"alexsmobs:void_worm_eye":64,"rogcontinued:starsilverchunk":1,"born_in_chaos_v1:fangofthe_hound_leader":2,"iceandfire:lightning_dragon_heart":2,"epicpaladins:moonlight_template":1,"cardinal_sins:darksteelingot":1,"alexscaves:telecore":1,"rogcontinued:maskofthetigersbite":1,"iceandfire:dragonscales_copper":2,"blue_skies:ventium_ingot":64,"alexscaves:occult_gem":2,"rogcontinued:borealwolfsbrokenfang":64,"iceandfire:dragonsteel_ice_ingot":2,"rogcontinued:narukamisaffection":64,"blue_skies:regrowth_armor_trim_smithing_template":1,"aquamirae:rune_of_the_storm":1,"rpgsmw:biril_dust":64,"rogcontinued:luminoussandsfromguyun":64,"epicpaladins:jade_template":1,"deeperdarker:sculk_bone":1,"rogcontinued:whiteironchunk":1,"rpgsmw:rangal":1,"rpgsmw:nephris_dust":64,"aether:ambrosium_shard":1,"twilightforest:raven_feather":1,"aether:swet_ball":1,"twilightforest:alpha_yeti_fur":1,"cataclysm:crystallized_coral_fragments":1,"iceandfire:sea_serpent_scales_red":65,"cataclysm:ancient_metal_ingot":1,"epicpaladins:steel_template":1,"cataclysm:ancient_metal_nugget":1,"aether:golden_amber":1,"alexscaves:sea_glass_shards":1,"soulslikeuniverse:knightsoul":1,"twilightforest:arctic_fur":1,"iceandfire:troll_leather_forest":1,"epicsamurai:ruby":64,"alexscaves:uranium_shard":1,"alexscaves:polarity_armor_trim_smithing_template":1,"rogcontinued:grainofaerosiderite":64,"blue_skies:fox_pelt":1}},"DataVersion":3465}