{"stats":{"minecraft:custom":{"minecraft:mob_kills":44,"minecraft:interact_with_crafting_table":11,"minecraft:interact_with_loom":1,"minecraft:leave_game":4,"minecraft:time_since_death":53622,"minecraft:sleep_in_bed":4,"minecraft:climb_one_cm":1209,"minecraft:time_since_rest":6696,"minecraft:sprint_one_cm":139463,"minecraft:damage_taken":320,"minecraft:walk_one_cm":87472,"minecraft:drop":32,"minecraft:damage_dealt":4194,"minecraft:swim_one_cm":1854,"minecraft:talked_to_villager":5,"minecraft:fly_one_cm":238813,"minecraft:open_chest":27,"minecraft:crouch_one_cm":2599,"minecraft:play_time":53622,"minecraft:sneak_time":781,"minecraft:walk_under_water_one_cm":776,"minecraft:jump":907,"minecraft:walk_on_water_one_cm":293,"minecraft:total_world_time":53622,"minecraft:fall_one_cm":37540},"minecraft:crafted":{"minecraft:oak_planks":28,"minecraft:stone_shovel":1,"minecraft:crafting_table":1,"minecraft:wooden_pickaxe":1,"minecraft:stone_axe":1,"minecraft:bread":62,"minecraft:stick":12,"minecraft:stone_pickaxe":1,"minecraft:stone_sword":1,"minecraft:white_bed":1,"minecraft:torch":4,"minecraft:stone_hoe":1,"minecraft:wheat":180},"minecraft:used":{"minecraft:stone_sword":11,"minecraft:stone_pickaxe":7,"minecraft:decorated_pot":4,"minecraft:wooden_pickaxe":59,"minecraft:zombie_spawn_egg":1,"minecraft:oak_door":1,"minecraft:crafting_table":3,"minecraft:white_bed":3,"minecraft:cornflower":1,"minecraft:iron_axe":1,"minecraft:iron_pickaxe":3,"minecraft:brown_wool":3,"minecraft:stone_bricks":1,"minecraft:stone_axe":58,"minecraft:cooked_porkchop":9},"minecraft:picked_up":{"minecraft:pink_petals":6,"minecraft:charcoal":8,"minecraft:crafting_table":3,"minecraft:feather":4,"minecraft:chicken":2,"minecraft:leather":5,"minecraft:brown_wool":4,"minecraft:smoker":4,"minecraft:oak_log":28,"minecraft:brewing_stand":1,"minecraft:cornflower":1,"minecraft:string":1,"minecraft:smooth_stone_slab":1,"minecraft:bone":2,"minecraft:stone_bricks":1,"minecraft:wheat_seeds":21,"minecraft:beef":11,"minecraft:melon_slice":20,"minecraft:furnace":3,"minecraft:stick":3,"minecraft:oak_door":1,"pointblank:gunmetal_nugget":6,"minecraft:carrot":3,"minecraft:white_bed":2,"minecraft:arrow":2,"minecraft:rotten_flesh":3,"minecraft:decorated_pot":4,"minecraft:hay_block":40,"minecraft:coal":7,"minecraft:oak_sapling":4,"minecraft:mutton":50,"minecraft:black_wool":1,"minecraft:cobblestone":59,"minecraft:white_wool":28},"minecraft:broken":{"minecraft:wooden_pickaxe":1},"minecraft:killed":{"minecraft:sheep":34,"minecraft:skeleton":2,"minecraft:zombie":1,"minecraft:chicken":2,"minecraft:cow":4},"minecraft:dropped":{"minecraft:wheat_seeds":21,"minecraft:wheat":1,"minecraft:chicken":2,"minecraft:rotten_flesh":3,"minecraft:carrot":3,"minecraft:melon_slice":20,"minecraft:brown_wool":1,"minecraft:arrow":2,"minecraft:string":1,"minecraft:pink_petals":6,"minecraft:black_wool":1},"minecraft:mined":{"minecraft:white_bed":2,"minecraft:smoker":4,"minecraft:powder_snow":10,"minecraft:brewing_stand":1,"minecraft:crafting_table":3,"minecraft:cornflower":2,"minecraft:short_grass":260,"minecraft:decorated_pot":5,"minecraft:melon":5,"minecraft:tall_grass":48,"minecraft:cobblestone":59,"minecraft:pink_petals":4,"minecraft:hay_block":40,"minecraft:furnace":3,"minecraft:fire":3,"minecraft:smooth_stone_slab":1,"minecraft:oak_log":28,"minecraft:cobweb":1,"minecraft:stone_bricks":1,"minecraft:oak_leaves":68}},"DataVersion":3953}