{"stats":{"minecraft:mined":{"croptopia:oat_crop":1,"minecraft:short_grass":20,"croptopia:apple_crop":6,"croptopia:kale_crop":1,"minecraft:tall_grass":9,"minecraft:oak_leaves":3},"minecraft:picked_up":{"croptopia:oat_seed":2,"croptopia:kale":1,"minecraft:apple":6,"minecraft:wheat_seeds":2},"minecraft:dropped":{"croptopia:oat_seed":2,"minecraft:wheat_seeds":2,"croptopia:kale":1},"minecraft:custom":{"minecraft:time_since_rest":15403,"minecraft:crouch_one_cm":961,"minecraft:sprint_one_cm":6061,"minecraft:play_time":15403,"minecraft:walk_one_cm":11577,"minecraft:sneak_time":510,"minecraft:drop":4,"minecraft:jump":86,"minecraft:leave_game":10,"minecraft:time_since_death":15403,"minecraft:total_world_time":15403,"minecraft:fall_one_cm":3888,"minecraft:fly_one_cm":13560}},"DataVersion":3953}