{"stats":{"minecraft:custom":{"minecraft:interact_with_furnace":9,"minecraft:mob_kills":51,"minecraft:interact_with_crafting_table":16,"minecraft:open_barrel":3,"minecraft:interact_with_loom":1,"minecraft:leave_game":4,"minecraft:time_since_death":83622,"minecraft:sleep_in_bed":6,"minecraft:climb_one_cm":1629,"minecraft:time_since_rest":8617,"minecraft:waystone_activated":1,"minecraft:sprint_one_cm":235543,"minecraft:damage_taken":508,"minecraft:walk_one_cm":164097,"minecraft:drop":52,"minecraft:damage_dealt":4954,"minecraft:swim_one_cm":1854,"minecraft:talked_to_villager":6,"minecraft:fly_one_cm":349500,"minecraft:open_chest":55,"minecraft:crouch_one_cm":3658,"minecraft:play_time":83622,"minecraft:sneak_time":1109,"minecraft:walk_under_water_one_cm":776,"minecraft:jump":1327,"minecraft:walk_on_water_one_cm":293,"minecraft:interact_with_smoker":7,"minecraft:total_world_time":83622,"minecraft:fall_one_cm":50735},"minecraft:crafted":{"minecraft:oak_planks":84,"minecraft:stone_shovel":1,"minecraft:crafting_table":2,"minecraft:wooden_pickaxe":1,"minecraft:stone":1,"minecraft:stone_axe":1,"minecraft:bread":62,"minecraft:air":0,"minecraft:charcoal":48,"minecraft:stick":12,"minecraft:stone_pickaxe":2,"minecraft:stone_sword":1,"minecraft:chest":8,"minecraft:white_bed":1,"minecraft:torch":4,"minecraft:stone_hoe":1,"minecraft:wheat":180},"minecraft:used":{"minecraft:stone_sword":22,"minecraft:stone_pickaxe":118,"minecraft:chest":8,"minecraft:decorated_pot":4,"minecraft:white_terracotta":116,"minecraft:wooden_pickaxe":59,"minecraft:stonecutter":1,"minecraft:leather_boots":1,"minecraft:zombie_spawn_egg":1,"minecraft:oak_door":1,"minecraft:torch":15,"minecraft:brewing_stand":1,"minecraft:oak_slab":77,"minecraft:crafting_table":5,"minecraft:white_bed":4,"minecraft:smoker":4,"minecraft:oak_log":12,"minecraft:cornflower":1,"minecraft:oak_stairs":2,"minecraft:iron_axe":148,"minecraft:iron_pickaxe":101,"minecraft:brown_wool":3,"minecraft:stone_bricks":1,"minecraft:stone_axe":58,"minecraft:cobblestone":68,"minecraft:written_book":1,"minecraft:furnace":3,"minecraft:cooked_porkchop":15,"minecraft:egg":2,"minecraft:experience_bottle":1},"minecraft:picked_up":{"minecraft:pink_petals":6,"minecraft:charcoal":8,"minecraft:crafting_table":4,"minecraft:feather":7,"minecraft:chicken":3,"minecraft:clay_ball":20,"minecraft:leather":5,"minecraft:brown_wool":4,"minecraft:smoker":4,"minecraft:oak_stairs":2,"minecraft:yellow_bed":1,"minecraft:oak_log":164,"minecraft:brewing_stand":1,"minecraft:cobblestone_stairs":6,"minecraft:cornflower":1,"minecraft:string":1,"minecraft:raw_copper":187,"minecraft:smooth_stone_slab":1,"minecraft:leather_boots":1,"minecraft:bone":4,"minecraft:apple":3,"minecraft:stone_bricks":1,"minecraft:stonecutter":1,"minecraft:wheat_seeds":25,"minecraft:beef":12,"minecraft:melon_slice":20,"minecraft:oak_planks":1,"minecraft:egg":2,"minecraft:furnace":3,"minecraft:stick":10,"minecraft:oak_door":1,"minecraft:torch":6,"minecraft:porkchop":3,"pointblank:gunmetal_nugget":6,"minecraft:carrot":3,"minecraft:white_bed":2,"minecraft:barrel":1,"minecraft:arrow":3,"minecraft:rotten_flesh":4,"minecraft:decorated_pot":4,"minecraft:hay_block":40,"minecraft:terracotta":2,"minecraft:coal":145,"minecraft:oak_sapling":34,"minecraft:mutton":53,"minecraft:black_wool":1,"minecraft:cobblestone":67,"minecraft:white_wool":31},"minecraft:broken":{"minecraft:iron_pickaxe":1,"minecraft:wooden_pickaxe":1},"minecraft:killed":{"minecraft:pig":1,"minecraft:sheep":37,"minecraft:skeleton":3,"minecraft:zombie":1,"minecraft:chicken":3,"minecraft:cow":5},"minecraft:dropped":{"minecraft:porkchop":3,"minecraft:wheat_seeds":25,"minecraft:wheat":1,"minecraft:chicken":3,"minecraft:rotten_flesh":4,"minecraft:clay_ball":20,"minecraft:carrot":3,"minecraft:cobblestone_stairs":6,"minecraft:yellow_bed":1,"minecraft:melon_slice":20,"minecraft:brown_wool":1,"minecraft:leather_boots":1,"minecraft:oak_stairs":2,"minecraft:barrel":1,"minecraft:arrow":3,"minecraft:bone":2,"minecraft:string":3,"minecraft:pink_petals":6,"minecraft:white_wool":3,"minecraft:black_wool":1,"minecraft:terracotta":2},"minecraft:mined":{"minecraft:white_bed":2,"minecraft:smoker":4,"minecraft:cobblestone_stairs":3,"minecraft:powder_snow":10,"minecraft:brewing_stand":1,"minecraft:clay":4,"minecraft:crafting_table":4,"minecraft:cornflower":2,"minecraft:torch":3,"minecraft:short_grass":304,"minecraft:decorated_pot":5,"minecraft:melon":5,"minecraft:copper_ore":56,"minecraft:tall_grass":50,"minecraft:cobblestone":60,"minecraft:oak_planks":1,"minecraft:pink_petals":4,"minecraft:hay_block":40,"minecraft:furnace":3,"minecraft:barrel":1,"minecraft:fire":3,"minecraft:yellow_bed":1,"minecraft:smooth_stone_slab":1,"minecraft:coal_ore":138,"minecraft:oak_log":164,"minecraft:oak_stairs":2,"minecraft:cobweb":1,"minecraft:stone":7,"minecraft:terracotta":2,"minecraft:stonecutter":1,"minecraft:stone_bricks":1,"minecraft:oak_leaves":516}},"DataVersion":3953}