{"stats":{"minecraft:mined":{"croptopia:oat_crop":1,"minecraft:short_grass":20,"croptopia:apple_crop":20,"croptopia:kale_crop":1,"minecraft:tall_grass":9,"minecraft:oak_leaves":3},"minecraft:picked_up":{"croptopia:oat_seed":2,"croptopia:kale":1,"minecraft:apple":18,"minecraft:wheat_seeds":2},"minecraft:dropped":{"croptopia:oat_seed":2,"minecraft:wheat_seeds":2,"croptopia:kale":1},"minecraft:custom":{"minecraft:time_since_rest":27403,"minecraft:crouch_one_cm":1294,"minecraft:sprint_one_cm":11061,"minecraft:play_time":27403,"minecraft:walk_one_cm":19860,"minecraft:sneak_time":919,"minecraft:drop":4,"minecraft:jump":138,"minecraft:leave_game":10,"minecraft:time_since_death":27403,"minecraft:total_world_time":27403,"minecraft:fall_one_cm":9540,"minecraft:fly_one_cm":16648}},"DataVersion":3953}