{"stats":{"minecraft:picked_up":{"minecraft:oak_sapling":1},"minecraft:dropped":{"minecraft:oak_sapling":1},"minecraft:mined":{"minecraft:dead_bush":1,"minecraft:oak_leaves":5},"minecraft:custom":{"minecraft:jump":44,"minecraft:time_since_rest":3788,"minecraft:crouch_one_cm":581,"minecraft:leave_game":1,"minecraft:sprint_one_cm":4658,"minecraft:play_time":3788,"minecraft:damage_taken":40,"minecraft:time_since_death":3788,"minecraft:walk_one_cm":5422,"minecraft:sneak_time":284,"minecraft:total_world_time":3788,"minecraft:drop":1,"minecraft:fall_one_cm":1515,"minecraft:fly_one_cm":4361}},"DataVersion":3953}