{"stats":{"minecraft:custom":{"minecraft:time_since_rest":11219,"minecraft:sprint_one_cm":68976,"minecraft:damage_taken":90,"minecraft:walk_one_cm":45054,"minecraft:mob_kills":30,"minecraft:drop":20,"minecraft:damage_dealt":2680,"minecraft:interact_with_crafting_table":7,"minecraft:fly_one_cm":146757,"minecraft:talked_to_villager":4,"minecraft:open_chest":4,"minecraft:crouch_one_cm":1563,"minecraft:play_time":29636,"minecraft:interact_with_loom":1,"minecraft:sneak_time":488,"minecraft:jump":526,"minecraft:leave_game":3,"minecraft:time_since_death":29636,"minecraft:sleep_in_bed":2,"minecraft:total_world_time":29636,"minecraft:fall_one_cm":23022},"minecraft:crafted":{"minecraft:oak_planks":16,"minecraft:crafting_table":1,"minecraft:stick":4,"minecraft:wooden_pickaxe":1,"minecraft:stone_pickaxe":1,"minecraft:white_bed":1,"minecraft:stone_axe":1,"minecraft:bread":62,"minecraft:wheat":180},"minecraft:used":{"minecraft:cornflower":1,"minecraft:stone_pickaxe":1,"minecraft:brown_wool":3,"minecraft:decorated_pot":3,"minecraft:wooden_pickaxe":59,"minecraft:stone_axe":36,"minecraft:crafting_table":1,"minecraft:cooked_porkchop":4,"minecraft:white_bed":1},"minecraft:picked_up":{"minecraft:charcoal":2,"minecraft:pink_petals":6,"minecraft:stick":3,"minecraft:crafting_table":1,"minecraft:feather":4,"minecraft:chicken":2,"minecraft:brown_wool":4,"minecraft:leather":5,"minecraft:smoker":1,"minecraft:oak_log":28,"minecraft:white_bed":1,"minecraft:carrot":3,"minecraft:cornflower":1,"minecraft:decorated_pot":3,"minecraft:wheat_seeds":14,"minecraft:hay_block":23,"minecraft:beef":11,"minecraft:oak_sapling":4,"minecraft:mutton":37,"minecraft:black_wool":1,"minecraft:white_wool":18,"minecraft:cobblestone":59},"minecraft:broken":{"minecraft:wooden_pickaxe":1},"minecraft:killed":{"minecraft:sheep":24,"minecraft:chicken":2,"minecraft:cow":4},"minecraft:dropped":{"minecraft:wheat_seeds":14,"minecraft:wheat":1,"minecraft:brown_wool":1,"minecraft:pink_petals":6,"minecraft:carrot":3,"minecraft:black_wool":1},"minecraft:mined":{"minecraft:pink_petals":4,"minecraft:hay_block":23,"minecraft:white_bed":1,"minecraft:smoker":1,"minecraft:powder_snow":10,"minecraft:crafting_table":1,"minecraft:cornflower":2,"minecraft:short_grass":133,"minecraft:oak_log":28,"minecraft:decorated_pot":3,"minecraft:tall_grass":33,"minecraft:cobblestone":59,"minecraft:oak_leaves":67}},"DataVersion":3953}