{"stats":{"minecraft:custom":{"minecraft:mob_kills":57,"minecraft:interact_with_crafting_table":22,"minecraft:open_barrel":5,"minecraft:leave_game":4,"minecraft:time_since_death":95622,"minecraft:climb_one_cm":2365,"minecraft:sprint_one_cm":253215,"minecraft:walk_one_cm":185892,"minecraft:drop":58,"minecraft:talked_to_villager":8,"minecraft:play_time":95622,"minecraft:sneak_time":2789,"minecraft:walk_under_water_one_cm":776,"minecraft:jump":1409,"minecraft:walk_on_water_one_cm":741,"minecraft:total_world_time":95622,"minecraft:interact_with_furnace":23,"minecraft:interact_with_loom":1,"minecraft:sleep_in_bed":7,"minecraft:time_since_rest":7955,"minecraft:waystone_activated":1,"minecraft:damage_taken":918,"minecraft:damage_dealt":5554,"minecraft:swim_one_cm":1854,"minecraft:fly_one_cm":363364,"minecraft:open_chest":70,"minecraft:crouch_one_cm":7010,"minecraft:interact_with_smoker":7,"minecraft:fall_one_cm":57125},"minecraft:crafted":{"minecraft:oak_planks":84,"minecraft:stone_shovel":1,"minecraft:player_head":1,"minecraft:stone":1,"minecraft:stone_pickaxe":5,"minecraft:chest":8,"minecraft:stone_hoe":1,"minecraft:wheat":180,"minecraft:crafting_table":2,"minecraft:wooden_pickaxe":1,"minecraft:copper_ingot":106,"minecraft:stone_axe":1,"minecraft:bread":62,"minecraft:air":0,"minecraft:charcoal":48,"minecraft:stick":12,"minecraft:stone_sword":1,"minecraft:white_bed":1,"minecraft:torch":4},"minecraft:used":{"minecraft:stone_sword":30,"minecraft:ladder":6,"minecraft:decorated_pot":4,"minecraft:chest":8,"minecraft:white_terracotta":116,"minecraft:zombie_spawn_egg":1,"minecraft:player_head":1,"minecraft:oak_door":1,"minecraft:torch":60,"minecraft:brewing_stand":1,"minecraft:dirt":1,"minecraft:iron_axe":153,"minecraft:oak_stairs":2,"minecraft:stone_bricks":1,"minecraft:bedrock":3,"minecraft:written_book":1,"minecraft:furnace":3,"minecraft:egg":2,"minecraft:cobbled_deepslate":21,"minecraft:water_bucket":3,"minecraft:stone_pickaxe":429,"minecraft:wooden_pickaxe":59,"minecraft:stonecutter":1,"minecraft:leather_boots":1,"minecraft:oak_slab":77,"minecraft:crafting_table":5,"minecraft:white_bed":4,"minecraft:smoker":4,"minecraft:oak_log":12,"minecraft:cornflower":1,"minecraft:brown_wool":3,"minecraft:iron_pickaxe":101,"minecraft:stone_axe":58,"minecraft:cobblestone":97,"minecraft:cooked_porkchop":20,"minecraft:experience_bottle":3},"minecraft:picked_up":{"minecraft:charcoal":8,"minecraft:crafting_table":4,"minecraft:chicken":3,"minecraft:clay_ball":20,"minecraft:oak_stairs":2,"minecraft:brewing_stand":1,"minecraft:cornflower":1,"minecraft:string":1,"minecraft:raw_copper":187,"minecraft:smooth_stone_slab":1,"minecraft:cobbled_deepslate":230,"minecraft:beef":18,"minecraft:melon_slice":20,"minecraft:furnace":4,"minecraft:egg":2,"minecraft:stick":10,"minecraft:oak_door":1,"minecraft:torch":6,"minecraft:porkchop":9,"pointblank:gunmetal_nugget":6,"minecraft:diorite":8,"minecraft:carrot":3,"minecraft:arrow":3,"minecraft:rotten_flesh":4,"minecraft:decorated_pot":4,"minecraft:hay_block":40,"minecraft:mutton":53,"minecraft:white_wool":31,"minecraft:cobblestone":123,"minecraft:pink_petals":6,"minecraft:feather":7,"minecraft:andesite":8,"minecraft:brown_wool":4,"minecraft:leather":11,"minecraft:smoker":4,"minecraft:oak_log":164,"minecraft:yellow_bed":1,"minecraft:cobblestone_stairs":6,"minecraft:dirt":3,"minecraft:leather_boots":1,"minecraft:bone":4,"minecraft:apple":3,"minecraft:stone_bricks":1,"minecraft:stonecutter":1,"minecraft:wheat_seeds":26,"minecraft:cobweb":2,"minecraft:oak_planks":1,"minecraft:gravel":5,"minecraft:white_bed":2,"minecraft:barrel":2,"minecraft:emerald":2,"minecraft:terracotta":2,"minecraft:oak_sapling":34,"minecraft:black_wool":1,"minecraft:coal":145},"minecraft:broken":{"minecraft:wooden_pickaxe":1,"minecraft:stone_pickaxe":3,"minecraft:iron_pickaxe":1},"minecraft:killed":{"minecraft:skeleton":3,"minecraft:chicken":3,"minecraft:pig":4,"minecraft:sheep":37,"minecraft:zombie":1,"minecraft:cow":8},"minecraft:dropped":{"minecraft:porkchop":3,"minecraft:wheat_seeds":26,"minecraft:emerald":2,"minecraft:cobblestone_stairs":6,"minecraft:diorite":8,"minecraft:melon_slice":20,"minecraft:brown_wool":1,"minecraft:oak_stairs":2,"minecraft:string":3,"minecraft:pink_petals":6,"minecraft:white_wool":3,"minecraft:bone":2,"minecraft:wheat":1,"minecraft:chicken":3,"minecraft:rotten_flesh":4,"minecraft:clay_ball":20,"minecraft:carrot":3,"minecraft:andesite":8,"minecraft:yellow_bed":1,"minecraft:leather_boots":1,"minecraft:ladder":3,"minecraft:barrel":1,"minecraft:arrow":3,"minecraft:black_wool":1,"minecraft:terracotta":2},"minecraft:mined":{"minecraft:white_bed":2,"minecraft:cobblestone_stairs":3,"minecraft:brewing_stand":1,"minecraft:decorated_pot":5,"minecraft:hay_block":40,"minecraft:furnace":4,"minecraft:fire":3,"minecraft:barrel":2,"minecraft:andesite":8,"minecraft:oak_stairs":2,"minecraft:stone":62,"minecraft:smoker":4,"minecraft:powder_snow":10,"minecraft:torch":3,"minecraft:crafting_table":4,"minecraft:clay":4,"minecraft:cornflower":2,"minecraft:short_grass":310,"minecraft:melon":5,"minecraft:tall_grass":50,"minecraft:copper_ore":56,"minecraft:cobblestone":61,"minecraft:oak_planks":1,"minecraft:diorite":8,"minecraft:pink_petals":4,"minecraft:yellow_bed":1,"minecraft:smooth_stone_slab":1,"minecraft:oak_log":164,"minecraft:coal_ore":138,"minecraft:gravel":5,"minecraft:dirt":3,"minecraft:cobweb":1,"minecraft:terracotta":2,"minecraft:stonecutter":1,"minecraft:stone_bricks":1,"minecraft:deepslate":230,"minecraft:oak_leaves":516}},"DataVersion":3953}