{"stats":{"minecraft:custom":{"minecraft:time_since_rest":6946,"minecraft:sprint_one_cm":98660,"minecraft:damage_taken":90,"minecraft:walk_one_cm":54540,"minecraft:mob_kills":40,"minecraft:drop":29,"minecraft:damage_dealt":3540,"minecraft:swim_one_cm":1854,"minecraft:interact_with_crafting_table":8,"minecraft:fly_one_cm":216354,"minecraft:talked_to_villager":4,"minecraft:open_chest":6,"minecraft:crouch_one_cm":2274,"minecraft:play_time":39681,"minecraft:interact_with_loom":1,"minecraft:sneak_time":665,"minecraft:walk_under_water_one_cm":776,"minecraft:jump":790,"minecraft:walk_on_water_one_cm":293,"minecraft:leave_game":3,"minecraft:time_since_death":39681,"minecraft:sleep_in_bed":3,"minecraft:total_world_time":39681,"minecraft:fall_one_cm":31976},"minecraft:crafted":{"minecraft:oak_planks":28,"minecraft:stone_shovel":1,"minecraft:crafting_table":1,"minecraft:stick":12,"minecraft:wooden_pickaxe":1,"minecraft:stone_pickaxe":1,"minecraft:white_bed":1,"minecraft:stone_hoe":1,"minecraft:stone_axe":1,"minecraft:bread":62,"minecraft:wheat":180},"minecraft:used":{"minecraft:cornflower":1,"minecraft:stone_pickaxe":2,"minecraft:brown_wool":3,"minecraft:decorated_pot":3,"minecraft:wooden_pickaxe":59,"minecraft:stone_axe":55,"minecraft:crafting_table":2,"minecraft:cooked_porkchop":6,"minecraft:white_bed":2},"minecraft:picked_up":{"minecraft:charcoal":2,"minecraft:pink_petals":6,"minecraft:stick":3,"minecraft:crafting_table":1,"minecraft:feather":4,"minecraft:chicken":2,"minecraft:brown_wool":4,"minecraft:leather":5,"minecraft:smoker":1,"minecraft:brewing_stand":1,"minecraft:oak_log":28,"minecraft:white_bed":2,"minecraft:carrot":3,"minecraft:cornflower":1,"minecraft:decorated_pot":3,"minecraft:wheat_seeds":21,"minecraft:hay_block":40,"minecraft:beef":11,"minecraft:melon_slice":20,"minecraft:oak_sapling":4,"minecraft:mutton":50,"minecraft:black_wool":1,"minecraft:white_wool":28,"minecraft:cobblestone":59},"minecraft:broken":{"minecraft:wooden_pickaxe":1},"minecraft:killed":{"minecraft:sheep":34,"minecraft:chicken":2,"minecraft:cow":4},"minecraft:dropped":{"minecraft:wheat_seeds":21,"minecraft:melon_slice":20,"minecraft:wheat":1,"minecraft:brown_wool":1,"minecraft:chicken":2,"minecraft:pink_petals":6,"minecraft:carrot":3,"minecraft:black_wool":1},"minecraft:mined":{"minecraft:pink_petals":4,"minecraft:hay_block":40,"minecraft:white_bed":2,"minecraft:fire":3,"minecraft:smoker":1,"minecraft:brewing_stand":1,"minecraft:powder_snow":10,"minecraft:crafting_table":1,"minecraft:cornflower":2,"minecraft:short_grass":260,"minecraft:oak_log":28,"minecraft:melon":5,"minecraft:decorated_pot":3,"minecraft:tall_grass":48,"minecraft:cobblestone":59,"minecraft:oak_leaves":67}},"DataVersion":3953}