{"stats":{"minecraft:mined":{"minecraft:white_bed":2,"minecraft:sculk_vein":1,"minecraft:cobblestone_stairs":3,"minecraft:brewing_stand":1,"minecraft:decorated_pot":5,"minecraft:hay_block":40,"minecraft:furnace":4,"minecraft:cobbled_deepslate":1,"minecraft:fire":3,"minecraft:barrel":2,"minecraft:andesite":8,"minecraft:sculk_shrieker":1,"minecraft:deepslate_iron_ore":3,"minecraft:oak_stairs":2,"minecraft:stone":62,"minecraft:smoker":4,"minecraft:powder_snow":10,"minecraft:clay":4,"minecraft:crafting_table":4,"minecraft:cornflower":2,"minecraft:torch":5,"minecraft:short_grass":310,"minecraft:melon":5,"minecraft:tall_grass":50,"minecraft:copper_ore":56,"minecraft:cobblestone":61,"minecraft:oak_planks":1,"minecraft:sculk":2,"minecraft:diorite":8,"minecraft:wall_torch":2,"minecraft:pink_petals":4,"minecraft:gray_wool":128,"minecraft:yellow_bed":1,"minecraft:smooth_stone_slab":1,"minecraft:oak_log":164,"minecraft:coal_ore":138,"minecraft:gravel":5,"minecraft:dirt":3,"minecraft:gray_carpet":1,"minecraft:cobweb":1,"minecraft:terracotta":2,"minecraft:stonecutter":1,"minecraft:stone_bricks":1,"minecraft:oak_leaves":516,"minecraft:deepslate":231},"minecraft:broken":{"minecraft:wooden_pickaxe":1,"minecraft:stone_pickaxe":3,"minecraft:iron_pickaxe":1},"minecraft:custom":{"minecraft:mob_kills":57,"minecraft:interact_with_crafting_table":28,"minecraft:open_barrel":5,"minecraft:leave_game":6,"minecraft:time_since_death":146058,"minecraft:climb_one_cm":2365,"minecraft:sprint_one_cm":269015,"minecraft:walk_one_cm":231279,"minecraft:drop":65,"minecraft:talked_to_villager":8,"minecraft:play_time":146058,"minecraft:sneak_time":13796,"minecraft:walk_under_water_one_cm":3224,"minecraft:jump":1694,"minecraft:walk_on_water_one_cm":1171,"minecraft:total_world_time":146058,"minecraft:interact_with_furnace":28,"minecraft:interact_with_loom":1,"minecraft:sleep_in_bed":7,"minecraft:time_since_rest":58391,"minecraft:waystone_activated":1,"minecraft:damage_taken":1075,"minecraft:damage_dealt":5554,"minecraft:swim_one_cm":1854,"minecraft:fly_one_cm":617702,"minecraft:open_chest":172,"minecraft:crouch_one_cm":58401,"minecraft:interact_with_smoker":7,"minecraft:fall_one_cm":73631},"minecraft:crafted":{"minecraft:oak_planks":148,"minecraft:stone_shovel":1,"minecraft:player_head":1,"minecraft:stone":1,"minecraft:oak_trapdoor":2,"minecraft:stone_pickaxe":5,"minecraft:chest":15,"minecraft:stone_hoe":1,"minecraft:wheat":180,"minecraft:crafting_table":2,"minecraft:wooden_pickaxe":1,"minecraft:copper_ingot":109,"minecraft:stone_axe":1,"minecraft:bread":62,"minecraft:air":0,"minecraft:charcoal":48,"minecraft:warped_fungus_on_a_stick":1,"minecraft:stick":12,"minecraft:stone_sword":1,"minecraft:white_bed":1,"minecraft:torch":4},"minecraft:used":{"minecraft:oak_trapdoor":1,"minecraft:stone_sword":30,"minecraft:diamond_hoe":1,"minecraft:ladder":6,"minecraft:chest":15,"minecraft:decorated_pot":4,"minecraft:white_terracotta":116,"minecraft:zombie_spawn_egg":1,"minecraft:player_head":1,"minecraft:oak_door":1,"minecraft:torch":67,"minecraft:brewing_stand":1,"minecraft:dirt":1,"minecraft:iron_axe":153,"minecraft:oak_stairs":2,"minecraft:stone_bricks":1,"minecraft:bedrock":3,"minecraft:written_book":1,"minecraft:furnace":3,"minecraft:egg":2,"minecraft:cobbled_deepslate":81,"minecraft:water_bucket":4,"minecraft:warped_fungus_on_a_stick":90,"minecraft:stone_pickaxe":434,"minecraft:gray_carpet":1,"minecraft:wooden_pickaxe":59,"minecraft:leather_boots":1,"minecraft:stonecutter":1,"minecraft:white_wool":60,"minecraft:oak_slab":77,"minecraft:crafting_table":6,"minecraft:white_bed":4,"minecraft:shears":128,"minecraft:smoker":4,"minecraft:oak_log":12,"minecraft:cornflower":1,"minecraft:brown_wool":3,"minecraft:iron_pickaxe":101,"minecraft:stone_axe":58,"minecraft:cobblestone":97,"minecraft:cooked_porkchop":23,"minecraft:gray_wool":168,"minecraft:experience_bottle":36},"minecraft:dropped":{"minecraft:porkchop":3,"minecraft:wheat_seeds":26,"minecraft:warped_fungus_on_a_stick":2,"minecraft:emerald":2,"minecraft:cobblestone_stairs":6,"minecraft:cobweb":2,"minecraft:gray_wool":64,"minecraft:diorite":8,"minecraft:melon_slice":20,"minecraft:brown_wool":1,"minecraft:oak_stairs":2,"minecraft:string":3,"minecraft:pink_petals":6,"minecraft:white_wool":3,"minecraft:gray_carpet":2,"minecraft:bone":2,"minecraft:oak_trapdoor":1,"minecraft:wheat":1,"minecraft:chicken":3,"minecraft:rotten_flesh":4,"minecraft:clay_ball":20,"minecraft:carrot":3,"minecraft:andesite":8,"minecraft:yellow_bed":1,"minecraft:leather_boots":1,"minecraft:ladder":3,"minecraft:barrel":2,"minecraft:arrow":3,"minecraft:black_wool":1,"minecraft:terracotta":2},"minecraft:picked_up":{"minecraft:charcoal":8,"minecraft:crafting_table":4,"minecraft:chicken":3,"minecraft:clay_ball":20,"minecraft:oak_stairs":2,"minecraft:brewing_stand":1,"minecraft:cornflower":1,"minecraft:string":1,"minecraft:raw_copper":187,"minecraft:smooth_stone_slab":1,"minecraft:sculk_shrieker":1,"minecraft:cobbled_deepslate":232,"minecraft:beef":18,"minecraft:melon_slice":20,"minecraft:egg":2,"minecraft:furnace":4,"minecraft:stick":10,"minecraft:raw_iron":3,"minecraft:oak_door":1,"minecraft:torch":10,"minecraft:porkchop":9,"pointblank:gunmetal_nugget":6,"minecraft:diorite":8,"minecraft:carrot":3,"minecraft:arrow":3,"minecraft:rotten_flesh":4,"minecraft:decorated_pot":4,"minecraft:hay_block":40,"minecraft:mutton":53,"minecraft:cobblestone":123,"minecraft:white_wool":31,"minecraft:pink_petals":6,"minecraft:feather":7,"minecraft:andesite":8,"minecraft:brown_wool":4,"minecraft:leather":11,"minecraft:smoker":4,"minecraft:oak_log":164,"minecraft:yellow_bed":1,"minecraft:cobblestone_stairs":6,"minecraft:dirt":3,"minecraft:leather_boots":1,"minecraft:bone":4,"minecraft:stone_bricks":1,"minecraft:apple":3,"minecraft:gray_carpet":3,"minecraft:stonecutter":1,"minecraft:wheat_seeds":26,"minecraft:cobweb":2,"minecraft:oak_planks":1,"minecraft:gravel":5,"minecraft:white_bed":2,"minecraft:barrel":2,"minecraft:gray_wool":128,"minecraft:emerald":2,"minecraft:terracotta":2,"minecraft:oak_sapling":34,"minecraft:coal":145,"minecraft:black_wool":1},"minecraft:killed":{"minecraft:skeleton":3,"minecraft:chicken":3,"minecraft:pig":4,"minecraft:sheep":37,"minecraft:zombie":1,"minecraft:cow":8}},"DataVersion":3953}