{"stats":{"minecraft:custom":{"minecraft:mob_kills":46,"minecraft:interact_with_crafting_table":11,"minecraft:interact_with_loom":1,"minecraft:leave_game":4,"minecraft:time_since_death":59622,"minecraft:sleep_in_bed":5,"minecraft:climb_one_cm":1629,"minecraft:time_since_rest":0,"minecraft:waystone_activated":1,"minecraft:sprint_one_cm":167563,"minecraft:damage_taken":340,"minecraft:walk_one_cm":99461,"minecraft:drop":36,"minecraft:damage_dealt":4394,"minecraft:swim_one_cm":1854,"minecraft:talked_to_villager":5,"minecraft:fly_one_cm":284042,"minecraft:open_chest":29,"minecraft:crouch_one_cm":2634,"minecraft:play_time":59622,"minecraft:sneak_time":785,"minecraft:walk_under_water_one_cm":776,"minecraft:jump":1058,"minecraft:walk_on_water_one_cm":293,"minecraft:total_world_time":59622,"minecraft:fall_one_cm":41826},"minecraft:crafted":{"minecraft:oak_planks":28,"minecraft:stone_shovel":1,"minecraft:crafting_table":1,"minecraft:wooden_pickaxe":1,"minecraft:stone_axe":1,"minecraft:bread":62,"minecraft:stick":12,"minecraft:stone_pickaxe":1,"minecraft:stone_sword":1,"minecraft:white_bed":1,"minecraft:torch":4,"minecraft:stone_hoe":1,"minecraft:wheat":180},"minecraft:used":{"minecraft:stone_sword":15,"minecraft:stone_pickaxe":7,"minecraft:decorated_pot":4,"minecraft:wooden_pickaxe":59,"minecraft:zombie_spawn_egg":1,"minecraft:oak_door":1,"minecraft:torch":1,"minecraft:crafting_table":3,"minecraft:white_bed":3,"minecraft:cornflower":1,"minecraft:iron_axe":1,"minecraft:iron_pickaxe":6,"minecraft:brown_wool":3,"minecraft:stone_bricks":1,"minecraft:stone_axe":58,"minecraft:cooked_porkchop":10},"minecraft:picked_up":{"minecraft:pink_petals":6,"minecraft:charcoal":8,"minecraft:crafting_table":3,"minecraft:feather":7,"minecraft:chicken":3,"minecraft:leather":5,"minecraft:brown_wool":4,"minecraft:smoker":4,"minecraft:oak_log":28,"minecraft:brewing_stand":1,"minecraft:cobblestone_stairs":3,"minecraft:cornflower":1,"minecraft:string":1,"minecraft:smooth_stone_slab":1,"minecraft:bone":2,"minecraft:stone_bricks":1,"minecraft:wheat_seeds":24,"minecraft:beef":12,"minecraft:melon_slice":20,"minecraft:furnace":3,"minecraft:stick":3,"minecraft:oak_door":1,"minecraft:torch":1,"pointblank:gunmetal_nugget":6,"minecraft:carrot":3,"minecraft:white_bed":2,"minecraft:arrow":2,"minecraft:rotten_flesh":3,"minecraft:decorated_pot":4,"minecraft:hay_block":40,"minecraft:coal":7,"minecraft:oak_sapling":4,"minecraft:mutton":50,"minecraft:black_wool":1,"minecraft:cobblestone":59,"minecraft:white_wool":28},"minecraft:broken":{"minecraft:wooden_pickaxe":1},"minecraft:killed":{"minecraft:sheep":34,"minecraft:skeleton":2,"minecraft:zombie":1,"minecraft:chicken":3,"minecraft:cow":5},"minecraft:dropped":{"minecraft:wheat_seeds":24,"minecraft:wheat":1,"minecraft:chicken":3,"minecraft:rotten_flesh":3,"minecraft:carrot":3,"minecraft:cobblestone_stairs":3,"minecraft:melon_slice":20,"minecraft:brown_wool":1,"minecraft:arrow":2,"minecraft:string":1,"minecraft:pink_petals":6,"minecraft:black_wool":1},"minecraft:mined":{"minecraft:white_bed":2,"minecraft:smoker":4,"minecraft:cobblestone_stairs":3,"minecraft:powder_snow":10,"minecraft:brewing_stand":1,"minecraft:crafting_table":3,"minecraft:cornflower":2,"minecraft:torch":1,"minecraft:short_grass":292,"minecraft:decorated_pot":5,"minecraft:melon":5,"minecraft:tall_grass":49,"minecraft:cobblestone":59,"minecraft:pink_petals":4,"minecraft:hay_block":40,"minecraft:furnace":3,"minecraft:fire":3,"minecraft:smooth_stone_slab":1,"minecraft:oak_log":28,"minecraft:cobweb":1,"minecraft:stone_bricks":1,"minecraft:oak_leaves":68}},"DataVersion":3953}