{"stats":{"minecraft:custom":{"minecraft:time_since_rest":8274,"minecraft:open_chest":3,"minecraft:crouch_one_cm":724,"minecraft:interact_with_loom":1,"minecraft:play_time":14009,"minecraft:sprint_one_cm":19902,"minecraft:damage_taken":40,"minecraft:walk_one_cm":25981,"minecraft:sneak_time":266,"minecraft:drop":2,"minecraft:jump":33,"minecraft:time_since_death":14009,"minecraft:sleep_in_bed":1,"minecraft:total_world_time":14009,"minecraft:talked_to_villager":4,"minecraft:interact_with_crafting_table":6,"minecraft:fall_one_cm":1233,"minecraft:fly_one_cm":3441},"minecraft:crafted":{"minecraft:oak_planks":16,"minecraft:stone_axe":1,"minecraft:stone_pickaxe":1,"minecraft:stick":4,"minecraft:wooden_pickaxe":1,"minecraft:bread":62,"minecraft:wheat":180},"minecraft:used":{"minecraft:cooked_porkchop":1,"minecraft:stone_pickaxe":1,"minecraft:decorated_pot":3,"minecraft:wooden_pickaxe":59},"minecraft:picked_up":{"minecraft:charcoal":2,"minecraft:stick":3,"minecraft:decorated_pot":3,"minecraft:smoker":1,"minecraft:hay_block":23,"minecraft:oak_log":28,"minecraft:carrot":3,"minecraft:oak_sapling":4,"minecraft:cobblestone":59},"minecraft:broken":{"minecraft:wooden_pickaxe":1},"minecraft:dropped":{"minecraft:carrot":3,"minecraft:wheat":1},"minecraft:mined":{"minecraft:short_grass":1,"minecraft:hay_block":23,"minecraft:oak_log":28,"minecraft:decorated_pot":3,"minecraft:smoker":1,"minecraft:cobblestone":59,"minecraft:oak_leaves":67}},"DataVersion":3953}