{"stats":{"minecraft:mined":{"minecraft:dead_bush":1},"minecraft:custom":{"minecraft:time_since_rest":13953,"minecraft:leave_game":2,"minecraft:crouch_one_cm":884,"minecraft:play_time":13953,"minecraft:sprint_one_cm":11370,"minecraft:time_since_death":13953,"minecraft:walk_one_cm":12955,"minecraft:sneak_time":378,"minecraft:total_world_time":13953,"minecraft:mob_kills":3,"minecraft:fall_one_cm":2357,"minecraft:fly_one_cm":30145,"minecraft:jump":103},"minecraft:killed":{"minecraft:zombie":1,"minecraft:skeleton":1,"minecraft:spider":1}},"DataVersion":3953}