{"stats":{"minecraft:custom":{"minecraft:jump":94,"minecraft:time_since_rest":8927,"minecraft:crouch_one_cm":884,"minecraft:leave_game":2,"minecraft:play_time":8927,"minecraft:sprint_one_cm":10097,"minecraft:time_since_death":8927,"minecraft:walk_one_cm":7807,"minecraft:sneak_time":378,"minecraft:total_world_time":8927,"minecraft:mob_kills":3,"minecraft:fall_one_cm":2357,"minecraft:fly_one_cm":28342},"minecraft:mined":{"minecraft:dead_bush":1},"minecraft:killed":{"minecraft:spider":1,"minecraft:skeleton":1,"minecraft:zombie":1}},"DataVersion":3953}