{"stats":{"minecraft:picked_up":{"minecraft:stick":14,"minecraft:apple":1,"minecraft:oak_log":33,"minecraft:oak_sapling":15},"minecraft:mined":{"minecraft:oak_log":33,"minecraft:dead_bush":3,"minecraft:oak_leaves":239},"minecraft:custom":{"minecraft:time_since_rest":28255,"minecraft:crouch_one_cm":1460,"minecraft:sprint_one_cm":24888,"minecraft:play_time":28255,"minecraft:walk_one_cm":27496,"minecraft:sneak_time":814,"minecraft:mob_kills":3,"minecraft:jump":190,"minecraft:leave_game":3,"minecraft:time_since_death":28255,"minecraft:total_world_time":28255,"minecraft:interact_with_crafting_table":1,"minecraft:fall_one_cm":4656,"minecraft:fly_one_cm":49779},"minecraft:used":{"minecraft:cooked_porkchop":1,"pointblank:printer":2},"minecraft:killed":{"minecraft:skeleton":1,"minecraft:spider":1,"minecraft:zombie":1}},"DataVersion":3953}