{"stats":{"minecraft:mined":{"minecraft:dead_bush":1},"minecraft:custom":{"minecraft:time_since_rest":19953,"minecraft:leave_game":2,"minecraft:crouch_one_cm":1095,"minecraft:play_time":19953,"minecraft:sprint_one_cm":13821,"minecraft:time_since_death":19953,"minecraft:walk_one_cm":19681,"minecraft:sneak_time":467,"minecraft:total_world_time":19953,"minecraft:mob_kills":3,"minecraft:fall_one_cm":2357,"minecraft:fly_one_cm":32803,"minecraft:jump":119},"minecraft:killed":{"minecraft:zombie":1,"minecraft:skeleton":1,"minecraft:spider":1}},"DataVersion":3953}