{
  "craemon:main": {
    "criteria": {
      "tick": "2024-07-31 22:21:17 +0000"
    },
    "done": true
  },
  "jodek:mobs": {
    "criteria": {
      "tick": "2024-07-31 22:21:17 +0000"
    },
    "done": true
  },
  "global:hauntedcorpse": {
    "criteria": {
      "trigger": "2024-07-31 22:21:17 +0000"
    },
    "done": true
  },
  "mt:item_related_advancements/mountain_leggings": {
    "criteria": {
      "requirement": "2024-07-31 22:21:18 +0000"
    },
    "done": true
  },
  "pets:menu/despawn": {
    "criteria": {
      "requirement": "2024-07-31 22:21:17 +0000"
    },
    "done": true
  },
  "minecraft:recipes/decorations/crafting_table": {
    "criteria": {
      "unlock_right_away": "2024-07-31 22:21:17 +0000"
    },
    "done": true
  },
  "automaticons:progression/root": {
    "criteria": {
      "requirement": "2024-07-31 22:21:17 +0000"
    },
    "done": true
  },
  "mt:mechanics/small/timer": {
    "criteria": {
      "requirement": "2024-07-31 22:21:17 +0000"
    },
    "done": true
  },
  "gm4-1.6:intro_song/welcome_toast": {
    "criteria": {
      "requirement": "2024-07-31 22:21:18 +0000"
    },
    "done": true
  },
  "mt:item_related_advancements/jungle_shoes": {
    "criteria": {
      "requirement": "2024-07-31 22:21:18 +0000"
    },
    "done": true
  },
  "global:superenchants": {
    "criteria": {
      "trigger": "2024-07-31 22:21:17 +0000"
    },
    "done": true
  },
  "jodek:utility": {
    "criteria": {
      "tick": "2024-07-31 22:21:17 +0000"
    },
    "done": true
  },
  "ketket_shops:sp_adv_1": {
    "criteria": {
      "requirement": "2024-07-31 22:21:18 +0000"
    },
    "done": true
  },
  "craemon:craftable_saddles": {
    "criteria": {
      "tick": "2024-07-31 22:21:17 +0000"
    },
    "done": true
  },
  "global:root": {
    "criteria": {
      "trigger": "2024-07-31 22:21:17 +0000"
    },
    "done": true
  },
  "jodek:mob_heads": {
    "criteria": {
      "tick": "2024-07-31 22:21:17 +0000"
    },
    "done": true
  },
  "nova_structures:root": {
    "criteria": {
      "nova_structures:adventure/find_tavern": "2024-07-31 22:21:44 +0000"
    },
    "done": true
  },
  "craemon:crafting": {
    "criteria": {
      "tick": "2024-07-31 22:21:17 +0000"
    },
    "done": true
  },
  "jodek:biggerstacksize": {
    "criteria": {
      "tick": "2024-07-31 22:21:17 +0000"
    },
    "done": true
  },
  "mt:mechanics/step_height/timer": {
    "criteria": {
      "requirement": "2024-07-31 22:21:17 +0000"
    },
    "done": true
  },
  "tpa:first_join": {
    "criteria": {
      "tick": "2024-07-31 22:21:17 +0000"
    },
    "done": true
  },
  "nova_structures:adventure/find_tavern": {
    "criteria": {
      "nova_structures:tavern_oak": "2024-07-31 22:21:44 +0000"
    },
    "done": true
  },
  "mt:mechanics/reach/timer": {
    "criteria": {
      "requirement": "2024-07-31 22:21:17 +0000"
    },
    "done": true
  },
  "ketkets:main": {
    "criteria": {
      "requirement": "2024-07-31 22:21:18 +0000"
    },
    "done": true
  },
  "jodek:root": {
    "criteria": {
      "tick": "2024-07-31 22:21:17 +0000"
    },
    "done": true
  },
  "mt:mechanics/big/timer": {
    "criteria": {
      "requirement": "2024-07-31 22:21:17 +0000"
    },
    "done": true
  },
  "mt:load": {
    "criteria": {
      "requirement": "2024-07-31 22:21:17 +0000"
    },
    "done": true
  },
  "minecraft:adventure/adventuring_time": {
    "criteria": {
      "minecraft:forest": "2024-07-31 22:21:18 +0000"
    },
    "done": false
  },
  "mt:mechanics/charm/timer": {
    "criteria": {
      "requirement": "2024-07-31 22:21:18 +0000"
    },
    "done": true
  },
  "pets:not_hold_pet": {
    "criteria": {
      "requirement": "2024-07-31 22:21:17 +0000"
    },
    "done": true
  },
  "mt:mechanics/light/timer": {
    "criteria": {
      "requirement": "2024-07-31 22:21:17 +0000"
    },
    "done": true
  },
  "DataVersion": 3953
}