{
  "mobs_of_mythology:mobs_of_mythology": {
    "criteria": {
      "requirement": "2024-08-01 16:07:26 +0000"
    },
    "done": true
  },
  "minecraft:recipes/decorations/crafting_table": {
    "criteria": {
      "unlock_right_away": "2024-08-01 16:07:26 +0000"
    },
    "done": true
  },
  "minecraft:adventure/adventuring_time": {
    "criteria": {
      "minecraft:plains": "2024-08-01 16:32:53 +0000"
    },
    "done": false
  },
  "craemon:main": {
    "criteria": {
      "tick": "2024-08-01 16:46:15 +0000"
    },
    "done": true
  },
  "jodek:mobs": {
    "criteria": {
      "tick": "2024-08-01 16:46:15 +0000"
    },
    "done": true
  },
  "global:hauntedcorpse": {
    "criteria": {
      "trigger": "2024-08-01 16:46:15 +0000"
    },
    "done": true
  },
  "knize1007:root": {
    "criteria": {
      "tick": "2024-08-01 16:46:15 +0000"
    },
    "done": true
  },
  "mt:item_related_advancements/mountain_leggings": {
    "criteria": {
      "requirement": "2024-08-01 16:46:15 +0000"
    },
    "done": true
  },
  "pets:menu/despawn": {
    "criteria": {
      "requirement": "2024-08-01 16:46:15 +0000"
    },
    "done": true
  },
  "automaticons:progression/root": {
    "criteria": {
      "requirement": "2024-08-01 16:46:15 +0000"
    },
    "done": true
  },
  "mt:mechanics/small/timer": {
    "criteria": {
      "requirement": "2024-08-01 16:46:15 +0000"
    },
    "done": true
  },
  "gm4-1.6:intro_song/welcome_toast": {
    "criteria": {
      "requirement": "2024-08-01 16:46:15 +0000"
    },
    "done": true
  },
  "mt:item_related_advancements/jungle_shoes": {
    "criteria": {
      "requirement": "2024-08-01 16:46:15 +0000"
    },
    "done": true
  },
  "global:superenchants": {
    "criteria": {
      "trigger": "2024-08-01 16:46:15 +0000"
    },
    "done": true
  },
  "jodek:utility": {
    "criteria": {
      "tick": "2024-08-01 16:46:15 +0000"
    },
    "done": true
  },
  "ketket_shops:sp_adv_1": {
    "criteria": {
      "requirement": "2024-08-01 16:46:15 +0000"
    },
    "done": true
  },
  "craemon:craftable_saddles": {
    "criteria": {
      "tick": "2024-08-01 16:46:15 +0000"
    },
    "done": true
  },
  "global:root": {
    "criteria": {
      "trigger": "2024-08-01 16:46:15 +0000"
    },
    "done": true
  },
  "jodek:mob_heads": {
    "criteria": {
      "tick": "2024-08-01 16:46:15 +0000"
    },
    "done": true
  },
  "craemon:crafting": {
    "criteria": {
      "tick": "2024-08-01 16:46:15 +0000"
    },
    "done": true
  },
  "jodek:no_breed_cooldown": {
    "criteria": {
      "tick": "2024-08-01 16:46:15 +0000"
    },
    "done": true
  },
  "jodek:biggerstacksize": {
    "criteria": {
      "tick": "2024-08-01 16:46:15 +0000"
    },
    "done": true
  },
  "knize1007:hostilemobs": {
    "criteria": {
      "tick": "2024-08-01 16:46:15 +0000"
    },
    "done": true
  },
  "mt:mechanics/step_height/timer": {
    "criteria": {
      "requirement": "2024-08-01 16:46:15 +0000"
    },
    "done": true
  },
  "tpa:first_join": {
    "criteria": {
      "tick": "2024-08-01 16:46:15 +0000"
    },
    "done": true
  },
  "mt:mechanics/reach/timer": {
    "criteria": {
      "requirement": "2024-08-01 16:46:15 +0000"
    },
    "done": true
  },
  "ketkets:main": {
    "criteria": {
      "requirement": "2024-08-01 16:46:15 +0000"
    },
    "done": true
  },
  "jodek:root": {
    "criteria": {
      "tick": "2024-08-01 16:46:15 +0000"
    },
    "done": true
  },
  "mt:mechanics/big/timer": {
    "criteria": {
      "requirement": "2024-08-01 16:46:15 +0000"
    },
    "done": true
  },
  "mt:load": {
    "criteria": {
      "requirement": "2024-08-01 16:46:15 +0000"
    },
    "done": true
  },
  "mt:mechanics/charm/timer": {
    "criteria": {
      "requirement": "2024-08-01 16:46:15 +0000"
    },
    "done": true
  },
  "pets:not_hold_pet": {
    "criteria": {
      "requirement": "2024-08-01 16:46:15 +0000"
    },
    "done": true
  },
  "mt:mechanics/light/timer": {
    "criteria": {
      "requirement": "2024-08-01 16:46:15 +0000"
    },
    "done": true
  },
  "croptopia:recipes/leafy_salad": {
    "criteria": {
      "has_kale": "2024-08-01 16:50:35 +0000"
    },
    "done": true
  },
  "pointblank:recipes/misc/printer": {
    "criteria": {
      "has_iron": "2024-08-01 16:50:35 +0000"
    },
    "done": true
  },
  "croptopia:recipes/kale_chips": {
    "criteria": {
      "has_kale": "2024-08-01 16:50:35 +0000"
    },
    "done": true
  },
  "croptopia:recipes/kale_smoothie": {
    "criteria": {
      "has_kale": "2024-08-01 16:50:35 +0000"
    },
    "done": true
  },
  "croptopia:recipes/misc/kale_seed": {
    "criteria": {
      "has_kale": "2024-08-01 16:50:35 +0000"
    },
    "done": true
  },
  "croptopia:recipes/documentation": {
    "criteria": {
      "has_crop": "2024-08-01 16:50:35 +0000"
    },
    "done": true
  },
  "croptopia:gather_all": {
    "criteria": {
      "oat_seed": "2024-08-01 16:50:35 +0000"
    },
    "done": false
  },
  "m_trader_revamp:inventory_changed": {
    "criteria": {
      "requirement": "2024-08-01 16:50:35 +0000"
    },
    "done": true
  },
  "croptopia:getseeds": {
    "criteria": {
      "has_seeds": "2024-08-01 16:50:35 +0000"
    },
    "done": true
  },
  "croptopia:gather_plains": {
    "criteria": {
      "oat_seed": "2024-08-01 16:50:35 +0000"
    },
    "done": false
  },
  "croptopia:recipes/misc/apple_juice": {
    "criteria": {
      "has_apple": "2024-08-01 17:03:31 +0000"
    },
    "done": true
  },
  "croptopia:recipes/misc/apple_pie": {
    "criteria": {
      "has_apple": "2024-08-01 17:03:31 +0000"
    },
    "done": true
  },
  "croptopia:recipes/fruit_smoothie": {
    "criteria": {
      "has_fruit": "2024-08-01 17:03:31 +0000"
    },
    "done": true
  },
  "croptopia:recipes/misc/apple_sapling": {
    "criteria": {
      "has_apple": "2024-08-01 17:03:31 +0000"
    },
    "done": true
  },
  "croptopia:recipes/fruit_salad": {
    "criteria": {
      "has_apple": "2024-08-01 17:03:31 +0000"
    },
    "done": true
  },
  "minecraft:recipes/misc/charcoal": {
    "criteria": {
      "has_log": "2024-08-01 17:16:15 +0000"
    },
    "done": true
  },
  "minecraft:recipes/building_blocks/oak_planks": {
    "criteria": {
      "has_logs": "2024-08-01 17:16:15 +0000"
    },
    "done": true
  },
  "minecraft:recipes/building_blocks/oak_wood": {
    "criteria": {
      "has_log": "2024-08-01 17:16:15 +0000"
    },
    "done": true
  },
  "DataVersion": 3953
}