{
  "minecraft:recipes/decorations/crafting_table": {
    "criteria": {
      "unlock_right_away": "2024-07-30 22:26:15 +0000"
    },
    "done": true
  },
  "minecraft:adventure/adventuring_time": {
    "criteria": {
      "minecraft:wooded_badlands": "2024-07-30 22:26:15 +0000"
    },
    "done": false
  },
  "minecraft:adventure/kill_all_mobs": {
    "criteria": {
      "minecraft:skeleton": "2024-07-30 22:41:48 +0000",
      "minecraft:spider": "2024-07-30 22:41:49 +0000",
      "minecraft:zombie": "2024-07-30 22:41:40 +0000"
    },
    "done": false
  },
  "pointblank:recipes/misc/printer": {
    "criteria": {
      "has_iron": "2024-07-30 22:40:47 +0000"
    },
    "done": true
  },
  "minecraft:adventure/root": {
    "criteria": {
      "killed_something": "2024-07-30 22:41:40 +0000"
    },
    "done": true
  },
  "minecraft:adventure/kill_a_mob": {
    "criteria": {
      "minecraft:zombie": "2024-07-30 22:41:40 +0000"
    },
    "done": true
  },
  "DataVersion": 3953
}